"","id","date","days","name"
"1",1,"06/25/1851","4","MISSING"
"2",2,"07/05/1851","1","MISSING"
"3",3,"07/10/1851","1","MISSING"
"4",4,"08/16/1851","12","MISSING"
"5",5,"09/13/1851","4","MISSING"
"6",6,"10/16/1851","4","MISSING"
"7",7,"08/19/1852","12","MISSING"
"8",8,"09/05/1852","2","MISSING"
"9",9,"09/09/1852","5","MISSING"
"10",10,"09/22/1852","9","MISSING"
"11",11,"10/06/1852","6","MISSING"
"12",12,"08/05/1853","1","MISSING"
"13",13,"08/10/1853","1","MISSING"
"14",14,"08/30/1853","12","MISSING"
"15",15,"09/08/1853","3","MISSING"
"16",16,"09/21/1853","1","MISSING"
"17",17,"09/26/1853","6","MISSING"
"18",18,"09/28/1853","1","MISSING"
"19",19,"10/19/1853","4","MISSING"
"20",20,"06/25/1854","3","MISSING"
"21",21,"08/23/1854","1","MISSING"
"22",22,"09/07/1854","6","MISSING"
"23",23,"09/18/1854","3","MISSING"
"24",24,"10/20/1854","3","MISSING"
"25",25,"08/06/1855","1","MISSING"
"26",26,"08/10/1855","2","MISSING"
"27",27,"08/11/1855","1","MISSING"
"28",28,"08/24/1855","4","MISSING"
"29",29,"09/15/1855","3","MISSING"
"30",30,"08/09/1856","4","MISSING"
"31",31,"08/13/1856","2","MISSING"
"32",32,"08/19/1856","3","MISSING"
"33",33,"08/21/1856","1","MISSING"
"34",34,"08/25/1856","10","MISSING"
"35",35,"09/18/1856","5","MISSING"
"36",36,"06/30/1857","2","MISSING"
"37",37,"09/06/1857","13","MISSING"
"38",38,"09/22/1857","5","MISSING"
"39",39,"09/24/1857","7","MISSING"
"40",40,"06/12/1858","1","MISSING"
"41",41,"08/05/1858","1","MISSING"
"42",42,"09/14/1858","4","MISSING"
"43",43,"09/17/1858","8","MISSING"
"44",44,"09/22/1858","4","MISSING"
"45",45,"10/21/1858","6","MISSING"
"46",46,"07/01/1859","1","MISSING"
"47",47,"08/17/1859","3","MISSING"
"48",48,"09/02/1859","2","MISSING"
"49",49,"09/12/1859","2","MISSING"
"50",50,"09/15/1859","4","MISSING"
"51",51,"10/02/1859","5","MISSING"
"52",52,"10/16/1859","3","MISSING"
"53",53,"10/24/1859","6","MISSING"
"54",54,"08/08/1860","9","MISSING"
"55",55,"08/24/1860","3","MISSING"
"56",56,"09/11/1860","6","MISSING"
"57",57,"09/11/1860","1","MISSING"
"58",58,"09/18/1860","4","MISSING"
"59",59,"09/30/1860","4","MISSING"
"60",60,"10/20/1860","5","MISSING"
"61",61,"07/06/1861","7","MISSING"
"62",62,"08/13/1861","5","MISSING"
"63",63,"08/25/1861","6","MISSING"
"64",64,"09/17/1861","1","MISSING"
"65",65,"09/27/1861","2","MISSING"
"66",66,"10/06/1861","4","MISSING"
"67",67,"10/07/1861","1","MISSING"
"68",68,"11/01/1861","3","MISSING"
"69",69,"06/15/1862","3","MISSING"
"70",70,"08/18/1862","4","MISSING"
"71",71,"09/12/1862","9","MISSING"
"72",72,"10/06/1862","1","MISSING"
"73",73,"10/14/1862","4","MISSING"
"74",74,"11/22/1862","4","MISSING"
"75",75,"08/08/1863","2","MISSING"
"76",76,"08/18/1863","2","MISSING"
"77",77,"08/19/1863","5","MISSING"
"78",78,"08/27/1863","2","MISSING"
"79",79,"09/09/1863","8","MISSING"
"80",80,"09/16/1863","4","MISSING"
"81",81,"09/18/1863","2","MISSING"
"82",82,"09/26/1863","2","MISSING"
"83",83,"09/29/1863","3","MISSING"
"84",84,"07/16/1864","3","MISSING"
"85",85,"07/25/1864","1","MISSING"
"86",86,"08/26/1864","7","MISSING"
"87",87,"09/05/1864","4","MISSING"
"88",88,"10/22/1864","3","MISSING"
"89",89,"05/30/1865","1","MISSING"
"90",90,"06/30/1865","1","MISSING"
"91",91,"08/20/1865","5","MISSING"
"92",92,"09/06/1865","9","MISSING"
"93",93,"09/07/1865","1","MISSING"
"94",94,"09/28/1865","1","MISSING"
"95",95,"10/18/1865","8","MISSING"
"96",96,"07/11/1866","6","MISSING"
"97",97,"08/13/1866","6","MISSING"
"98",98,"09/04/1866","4","MISSING"
"99",99,"09/18/1866","1","MISSING"
"100",100,"09/22/1866","3","MISSING"
"101",101,"09/24/1866","12","MISSING"
"102",102,"10/29/1866","2","MISSING"
"103",103,"06/21/1867","3","MISSING"
"104",104,"07/28/1867","7","MISSING"
"105",105,"08/02/1867","1","MISSING"
"106",106,"08/31/1867","4","MISSING"
"107",107,"09/08/1867","1","MISSING"
"108",108,"09/29/1867","3","MISSING"
"109",109,"10/02/1867","8","MISSING"
"110",110,"10/09/1867","1","MISSING"
"111",111,"10/27/1867","5","MISSING"
"112",112,"09/03/1868","5","MISSING"
"113",113,"10/01/1868","7","MISSING"
"114",114,"10/05/1868","3","MISSING"
"115",115,"10/15/1868","3","MISSING"
"116",116,"08/12/1869","1","MISSING"
"117",117,"08/16/1869","2","MISSING"
"118",118,"08/27/1869","1","MISSING"
"119",119,"09/01/1869","2","MISSING"
"120",120,"09/04/1869","3","MISSING"
"121",121,"09/07/1869","3","MISSING"
"122",122,"09/11/1869","8","MISSING"
"123",123,"09/14/1869","1","MISSING"
"124",124,"10/01/1869","1","MISSING"
"125",125,"10/04/1869","2","MISSING"
"126",126,"07/30/1870","1","MISSING"
"127",127,"08/30/1870","6","MISSING"
"128",128,"09/01/1870","4","MISSING"
"129",129,"09/09/1870","5","MISSING"
"130",130,"09/17/1870","4","MISSING"
"131",131,"10/05/1870","10","MISSING"
"132",132,"10/07/1870","1","MISSING"
"133",133,"10/10/1870","2","MISSING"
"134",134,"10/19/1870","4","MISSING"
"135",135,"10/23/1870","1","MISSING"
"136",136,"10/30/1870","5","MISSING"
"137",137,"06/01/1871","5","MISSING"
"138",138,"06/08/1871","3","MISSING"
"139",139,"08/14/1871","10","MISSING"
"140",140,"08/17/1871","14","MISSING"
"141",141,"08/30/1871","4","MISSING"
"142",142,"09/05/1871","4","MISSING"
"143",143,"09/30/1871","8","MISSING"
"144",144,"10/10/1871","4","MISSING"
"145",145,"07/09/1872","5","MISSING"
"146",146,"08/20/1872","14","MISSING"
"147",147,"09/09/1872","12","MISSING"
"148",148,"09/30/1872","7","MISSING"
"149",149,"10/22/1872","7","MISSING"
"150",150,"06/01/1873","2","MISSING"
"151",151,"08/13/1873","16","MISSING"
"152",152,"09/18/1873","3","MISSING"
"153",153,"09/22/1873","3","MISSING"
"154",154,"09/26/1873","15","MISSING"
"155",155,"07/02/1874","4","MISSING"
"156",156,"08/03/1874","5","MISSING"
"157",157,"08/29/1874","11","MISSING"
"158",158,"09/02/1874","6","MISSING"
"159",159,"09/08/1874","4","MISSING"
"160",160,"09/25/1874","7","MISSING"
"161",161,"10/31/1874","5","MISSING"
"162",162,"08/16/1875","4","MISSING"
"163",163,"09/01/1875","10","MISSING"
"164",164,"09/08/1875","11","MISSING"
"165",165,"09/24/1875","5","MISSING"
"166",166,"10/07/1875","4","MISSING"
"167",167,"10/12/1875","5","MISSING"
"168",168,"09/09/1876","3","MISSING"
"169",169,"09/12/1876","8","MISSING"
"170",170,"09/16/1876","3","MISSING"
"171",171,"09/29/1876","7","MISSING"
"172",172,"10/12/1876","12","MISSING"
"173",173,"08/01/1877","5","MISSING"
"174",174,"09/14/1877","8","MISSING"
"175",175,"09/16/1877","7","MISSING"
"176",176,"09/21/1877","15","MISSING"
"177",177,"09/24/1877","6","MISSING"
"178",178,"10/13/1877","6","MISSING"
"179",179,"10/24/1877","5","MISSING"
"180",180,"11/28/1877","3","MISSING"
"181",181,"07/01/1878","3","MISSING"
"182",182,"08/08/1878","12","MISSING"
"183",183,"08/19/1878","3","MISSING"
"184",184,"08/25/1878","6","MISSING"
"185",185,"09/01/1878","13","MISSING"
"186",186,"09/12/1878","7","MISSING"
"187",187,"09/24/1878","15","MISSING"
"188",188,"10/09/1878","8","MISSING"
"189",189,"10/09/1878","7","MISSING"
"190",190,"10/13/1878","7","MISSING"
"191",191,"10/18/1878","8","MISSING"
"192",192,"11/25/1878","8","MISSING"
"193",193,"08/09/1879","4","MISSING"
"194",194,"08/13/1879","8","MISSING"
"195",195,"08/19/1879","6","MISSING"
"196",196,"08/29/1879","5","MISSING"
"197",197,"10/03/1879","5","MISSING"
"198",198,"10/09/1879","8","MISSING"
"199",199,"10/24/1879","6","MISSING"
"200",200,"11/18/1879","4","MISSING"
"201",201,"06/21/1880","5","MISSING"
"202",202,"08/04/1880","11","MISSING"
"203",203,"08/15/1880","6","MISSING"
"204",204,"08/24/1880","9","MISSING"
"205",205,"08/26/1880","10","MISSING"
"206",206,"09/06/1880","6","MISSING"
"207",207,"09/08/1880","3","MISSING"
"208",208,"09/27/1880","8","MISSING"
"209",209,"10/05/1880","6","MISSING"
"210",210,"10/10/1880","7","MISSING"
"211",211,"10/20/1880","5","MISSING"
"212",212,"08/01/1881","4","MISSING"
"213",213,"08/11/1881","8","MISSING"
"214",214,"08/11/1881","4","MISSING"
"215",215,"08/16/1881","6","MISSING"
"216",216,"08/21/1881","9","MISSING"
"217",217,"09/07/1881","5","MISSING"
"218",218,"09/18/1881","7","MISSING"
"219",219,"08/24/1882","2","MISSING"
"220",220,"09/02/1882","12","MISSING"
"221",221,"09/14/1882","3","MISSING"
"222",222,"09/21/1882","4","MISSING"
"223",223,"09/24/1882","5","MISSING"
"224",224,"10/05/1882","11","MISSING"
"225",225,"08/18/1883","11","MISSING"
"226",226,"08/24/1883","10","MISSING"
"227",227,"09/04/1883","10","MISSING"
"228",228,"10/22/1883","7","MISSING"
"229",229,"09/01/1884","6","MISSING"
"230",230,"09/03/1884","14","MISSING"
"231",231,"09/10/1884","11","MISSING"
"232",232,"10/07/1884","11","MISSING"
"233",233,"08/07/1885","9","MISSING"
"234",234,"08/21/1885","8","MISSING"
"235",235,"08/29/1885","3","MISSING"
"236",236,"09/17/1885","7","MISSING"
"237",237,"09/18/1885","4","MISSING"
"238",238,"09/24/1885","9","MISSING"
"239",239,"09/26/1885","4","MISSING"
"240",240,"10/10/1885","5","MISSING"
"241",241,"06/13/1886","3","MISSING"
"242",242,"06/17/1886","8","MISSING"
"243",243,"06/27/1886","6","MISSING"
"244",244,"07/14/1886","11","MISSING"
"245",245,"08/12/1886","10","MISSING"
"246",246,"08/15/1886","13","MISSING"
"247",247,"08/20/1886","6","MISSING"
"248",248,"09/16/1886","9","MISSING"
"249",249,"09/22/1886","9","MISSING"
"250",250,"10/08/1886","6","MISSING"
"251",251,"10/10/1886","6","MISSING"
"252",252,"10/21/1886","6","MISSING"
"253",253,"05/15/1887","6","MISSING"
"254",254,"05/17/1887","5","MISSING"
"255",255,"06/11/1887","4","MISSING"
"256",256,"07/20/1887","9","MISSING"
"257",257,"07/30/1887","10","MISSING"
"258",258,"08/14/1887","10","MISSING"
"259",259,"08/18/1887","10","MISSING"
"260",260,"09/01/1887","6","MISSING"
"261",261,"09/11/1887","12","MISSING"
"262",262,"09/14/1887","5","MISSING"
"263",263,"10/06/1887","4","MISSING"
"264",264,"10/08/1887","2","MISSING"
"265",265,"10/09/1887","14","MISSING"
"266",266,"10/10/1887","3","MISSING"
"267",267,"10/15/1887","5","MISSING"
"268",268,"10/29/1887","9","MISSING"
"269",269,"11/27/1887","8","MISSING"
"270",270,"12/04/1887","7","MISSING"
"271",271,"12/07/1887","6","MISSING"
"272",272,"06/16/1888","3","MISSING"
"273",273,"07/04/1888","3","MISSING"
"274",274,"08/14/1888","11","MISSING"
"275",275,"08/31/1888","9","MISSING"
"276",276,"09/06/1888","8","MISSING"
"277",277,"09/23/1888","5","MISSING"
"278",278,"10/08/1888","5","MISSING"
"279",279,"11/01/1888","8","MISSING"
"280",280,"11/17/1888","16","MISSING"
"281",281,"05/16/1889","7","MISSING"
"282",282,"06/15/1889","6","MISSING"
"283",283,"08/19/1889","10","MISSING"
"284",284,"09/01/1889","12","MISSING"
"285",285,"09/02/1889","10","MISSING"
"286",286,"09/12/1889","8","MISSING"
"287",287,"09/12/1889","15","MISSING"
"288",288,"09/29/1889","8","MISSING"
"289",289,"10/05/1889","7","MISSING"
"290",290,"05/27/1890","3","MISSING"
"291",291,"08/18/1890","11","MISSING"
"292",292,"08/26/1890","9","MISSING"
"293",293,"10/31/1890","2","MISSING"
"294",294,"07/03/1891","6","MISSING"
"295",295,"08/17/1891","13","MISSING"
"296",296,"08/18/1891","8","MISSING"
"297",297,"09/02/1891","9","MISSING"
"298",298,"09/16/1891","11","MISSING"
"299",299,"09/29/1891","10","MISSING"
"300",300,"10/04/1891","7","MISSING"
"301",301,"10/07/1891","10","MISSING"
"302",302,"10/12/1891","9","MISSING"
"303",303,"11/03/1891","4","MISSING"
"304",304,"06/09/1892","8","MISSING"
"305",305,"08/15/1892","10","MISSING"
"306",306,"09/03/1892","15","MISSING"
"307",307,"09/08/1892","10","MISSING"
"308",308,"09/12/1892","12","MISSING"
"309",309,"09/25/1892","3","MISSING"
"310",310,"10/05/1892","12","MISSING"
"311",311,"10/13/1892","8","MISSING"
"312",312,"10/21/1892","9","MISSING"
"313",313,"06/12/1893","9","MISSING"
"314",314,"07/04/1893","4","MISSING"
"315",315,"08/13/1893","13","MISSING"
"316",316,"08/15/1893","12","MISSING"
"317",317,"08/15/1893","19","MISSING"
"318",318,"08/15/1893","5","MISSING"
"319",319,"08/20/1893","10","MISSING"
"320",320,"09/04/1893","6","MISSING"
"321",321,"09/25/1893","21","MISSING"
"322",322,"09/27/1893","9","MISSING"
"323",323,"10/20/1893","4","MISSING"
"324",324,"11/05/1893","8","MISSING"
"325",325,"06/06/1894","4","MISSING"
"326",326,"08/05/1894","5","MISSING"
"327",327,"08/30/1894","11","MISSING"
"328",328,"09/18/1894","14","MISSING"
"329",329,"10/01/1894","12","MISSING"
"330",330,"10/11/1894","10","MISSING"
"331",331,"10/21/1894","11","MISSING"
"332",332,"08/14/1895","4","MISSING"
"333",333,"08/22/1895","9","MISSING"
"334",334,"09/28/1895","10","MISSING"
"335",335,"10/02/1895","6","MISSING"
"336",336,"10/12/1895","15","MISSING"
"337",337,"10/13/1895","5","MISSING"
"338",338,"07/04/1896","9","MISSING"
"339",339,"08/30/1896","13","MISSING"
"340",340,"09/18/1896","11","MISSING"
"341",341,"09/22/1896","9","MISSING"
"342",342,"10/07/1896","10","MISSING"
"343",343,"10/26/1896","15","MISSING"
"344",344,"11/27/1896","3","MISSING"
"345",345,"08/31/1897","11","MISSING"
"346",346,"09/10/1897","4","MISSING"
"347",347,"09/20/1897","6","MISSING"
"348",348,"09/25/1897","5","MISSING"
"349",349,"10/09/1897","14","MISSING"
"350",350,"10/23/1897","9","MISSING"
"351",351,"08/02/1898","2","MISSING"
"352",352,"08/30/1898","3","MISSING"
"353",353,"09/03/1898","4","MISSING"
"354",354,"09/05/1898","16","MISSING"
"355",355,"09/12/1898","11","MISSING"
"356",356,"09/20/1898","9","MISSING"
"357",357,"09/25/1898","12","MISSING"
"358",358,"09/25/1898","4","MISSING"
"359",359,"10/02/1898","13","MISSING"
"360",360,"10/21/1898","3","MISSING"
"361",361,"10/27/1898","9","MISSING"
"362",362,"06/26/1899","2","MISSING"
"363",363,"07/28/1899","6","MISSING"
"364",364,"08/03/1899","33","MISSING"
"365",365,"08/29/1899","11","MISSING"
"366",366,"09/03/1899","13","MISSING"
"367",367,"10/02/1899","7","MISSING"
"368",368,"10/10/1899","5","MISSING"
"369",369,"10/15/1899","4","MISSING"
"370",370,"10/26/1899","10","MISSING"
"371",371,"11/07/1899","4","MISSING"
"372",372,"08/27/1900","20","MISSING"
"373",373,"09/07/1900","13","MISSING"
"374",374,"09/08/1900","16","MISSING"
"375",375,"09/11/1900","5","MISSING"
"376",376,"10/04/1900","11","MISSING"
"377",377,"10/10/1900","6","MISSING"
"378",378,"10/24/1900","6","MISSING"
"379",379,"06/11/1901","5","MISSING"
"380",380,"07/01/1901","10","MISSING"
"381",381,"07/04/1901","10","MISSING"
"382",382,"08/02/1901","17","MISSING"
"383",383,"08/18/1901","5","MISSING"
"384",384,"08/25/1901","6","MISSING"
"385",385,"08/29/1901","14","MISSING"
"386",386,"09/09/1901","11","MISSING"
"387",387,"09/12/1901","6","MISSING"
"388",388,"09/21/1901","12","MISSING"
"389",389,"10/05/1901","10","MISSING"
"390",390,"10/15/1901","4","MISSING"
"391",391,"10/30/1901","8","MISSING"
"392",392,"06/12/1902","6","MISSING"
"393",393,"06/21/1902","9","MISSING"
"394",394,"09/16/1902","10","MISSING"
"395",395,"10/03/1902","11","MISSING"
"396",396,"11/01/1902","6","MISSING"
"397",397,"07/21/1903","6","MISSING"
"398",398,"08/06/1903","11","MISSING"
"399",399,"09/09/1903","8","MISSING"
"400",400,"09/12/1903","6","MISSING"
"401",401,"09/19/1903","8","MISSING"
"402",402,"09/26/1903","5","MISSING"
"403",403,"10/01/1903","10","MISSING"
"404",404,"10/05/1903","6","MISSING"
"405",405,"10/21/1903","7","MISSING"
"406",406,"11/17/1903","9","MISSING"
"407",407,"06/10/1904","5","MISSING"
"408",408,"09/08/1904","8","MISSING"
"409",409,"09/28/1904","7","MISSING"
"410",410,"10/12/1904","10","MISSING"
"411",411,"10/19/1904","7","MISSING"
"412",412,"10/31/1904","7","MISSING"
"413",413,"09/06/1905","3","MISSING"
"414",414,"09/11/1905","6","MISSING"
"415",415,"09/24/1905","7","MISSING"
"416",416,"10/01/1905","13","MISSING"
"417",417,"10/05/1905","7","MISSING"
"418",418,"06/08/1906","7","MISSING"
"419",419,"06/14/1906","10","MISSING"
"420",420,"08/22/1906","4","MISSING"
"421",421,"08/25/1906","19","MISSING"
"422",422,"09/03/1906","16","MISSING"
"423",423,"09/19/1906","12","MISSING"
"424",424,"09/22/1906","11","MISSING"
"425",425,"10/08/1906","16","MISSING"
"426",426,"10/14/1906","4","MISSING"
"427",427,"10/15/1906","6","MISSING"
"428",428,"11/05/1906","6","MISSING"
"429",429,"06/24/1907","7","MISSING"
"430",430,"09/18/1907","6","MISSING"
"431",431,"09/27/1907","4","MISSING"
"432",432,"10/17/1907","4","MISSING"
"433",433,"11/06/1907","7","MISSING"
"434",434,"03/06/1908","4","MISSING"
"435",435,"05/24/1908","8","MISSING"
"436",436,"07/24/1908","11","MISSING"
"437",437,"07/29/1908","6","MISSING"
"438",438,"08/30/1908","4","MISSING"
"439",439,"09/07/1908","13","MISSING"
"440",440,"09/16/1908","3","MISSING"
"441",441,"09/21/1908","17","MISSING"
"442",442,"10/14/1908","6","MISSING"
"443",443,"10/19/1908","5","MISSING"
"444",444,"06/15/1909","5","MISSING"
"445",445,"06/25/1909","6","MISSING"
"446",446,"06/26/1909","9","MISSING"
"447",447,"07/13/1909","10","MISSING"
"448",448,"08/06/1909","5","MISSING"
"449",449,"08/20/1909","9","MISSING"
"450",450,"08/22/1909","4","MISSING"
"451",451,"08/28/1909","4","MISSING"
"452",452,"09/13/1909","10","MISSING"
"453",453,"09/24/1909","6","MISSING"
"454",454,"10/06/1909","8","MISSING"
"455",455,"11/08/1909","7","MISSING"
"456",456,"08/23/1910","7","MISSING"
"457",457,"08/26/1910","6","MISSING"
"458",458,"09/05/1910","11","MISSING"
"459",459,"09/24/1910","6","MISSING"
"460",460,"10/09/1910","15","MISSING"
"461",461,"08/04/1911","9","MISSING"
"462",462,"08/08/1911","7","MISSING"
"463",463,"08/23/1911","9","MISSING"
"464",464,"09/03/1911","10","MISSING"
"465",465,"09/15/1911","6","MISSING"
"466",466,"10/26/1911","7","MISSING"
"467",467,"06/07/1912","11","MISSING"
"468",468,"07/12/1912","6","MISSING"
"469",469,"09/02/1912","5","MISSING"
"470",470,"09/10/1912","6","MISSING"
"471",471,"10/03/1912","8","MISSING"
"472",472,"10/11/1912","8","MISSING"
"473",473,"11/11/1912","11","MISSING"
"474",474,"06/21/1913","9","MISSING"
"475",475,"08/14/1913","3","MISSING"
"476",476,"08/26/1913","18","MISSING"
"477",477,"08/30/1913","6","MISSING"
"478",478,"10/02/1913","10","MISSING"
"479",479,"10/28/1913","3","MISSING"
"480",480,"09/15/1914","5","MISSING"
"481",481,"07/31/1915","6","MISSING"
"482",482,"08/05/1915","19","MISSING"
"483",483,"08/27/1915","16","MISSING"
"484",484,"08/31/1915","7","MISSING"
"485",485,"09/19/1915","5","MISSING"
"486",486,"09/21/1915","11","MISSING"
"487",487,"05/13/1916","6","MISSING"
"488",488,"06/28/1916","13","MISSING"
"489",489,"07/10/1916","13","MISSING"
"490",490,"07/11/1916","5","MISSING"
"491",491,"08/04/1916","3","MISSING"
"492",492,"08/12/1916","9","MISSING"
"493",493,"08/21/1916","6","MISSING"
"494",494,"08/27/1916","7","MISSING"
"495",495,"09/04/1916","4","MISSING"
"496",496,"09/13/1916","10","MISSING"
"497",497,"09/17/1916","9","MISSING"
"498",498,"10/02/1916","4","MISSING"
"499",499,"10/06/1916","10","MISSING"
"500",500,"10/09/1916","11","MISSING"
"501",501,"11/11/1916","6","MISSING"
"502",502,"07/06/1917","9","MISSING"
"503",503,"08/06/1917","6","MISSING"
"504",504,"08/30/1917","9","MISSING"
"505",505,"09/20/1917","11","MISSING"
"506",506,"08/01/1918","7","MISSING"
"507",507,"08/22/1918","5","MISSING"
"508",508,"08/23/1918","4","MISSING"
"509",509,"08/31/1918","7","MISSING"
"510",510,"09/02/1918","7","MISSING"
"511",511,"09/09/1918","6","MISSING"
"512",512,"07/02/1919","4","MISSING"
"513",513,"09/02/1919","4","MISSING"
"514",514,"09/02/1919","15","MISSING"
"515",515,"09/29/1919","4","MISSING"
"516",516,"11/10/1919","6","MISSING"
"517",517,"09/07/1920","10","MISSING"
"518",518,"09/16/1920","8","MISSING"
"519",519,"09/19/1920","6","MISSING"
"520",520,"09/23/1920","5","MISSING"
"521",521,"09/25/1920","6","MISSING"
"522",522,"06/16/1921","11","MISSING"
"523",523,"09/04/1921","5","MISSING"
"524",524,"09/06/1921","12","MISSING"
"525",525,"09/08/1921","7","MISSING"
"526",526,"10/15/1921","10","MISSING"
"527",527,"10/20/1921","11","MISSING"
"528",528,"11/19/1921","7","MISSING"
"529",529,"06/12/1922","5","MISSING"
"530",530,"09/13/1922","16","MISSING"
"531",531,"09/18/1922","8","MISSING"
"532",532,"10/11/1922","12","MISSING"
"533",533,"10/12/1922","6","MISSING"
"534",534,"06/22/1923","8","MISSING"
"535",535,"09/01/1923","10","MISSING"
"536",536,"09/07/1923","5","MISSING"
"537",537,"09/10/1923","6","MISSING"
"538",538,"09/24/1923","11","MISSING"
"539",539,"10/12/1923","6","MISSING"
"540",540,"10/15/1923","5","MISSING"
"541",541,"10/16/1923","6","MISSING"
"542",542,"10/24/1923","4","MISSING"
"543",543,"06/18/1924","4","MISSING"
"544",544,"07/28/1924","3","MISSING"
"545",545,"08/16/1924","13","MISSING"
"546",546,"08/26/1924","12","MISSING"
"547",547,"09/13/1924","7","MISSING"
"548",548,"09/20/1924","3","MISSING"
"549",549,"09/24/1924","12","MISSING"
"550",550,"09/27/1924","5","MISSING"
"551",551,"10/11/1924","5","MISSING"
"552",552,"10/14/1924","10","MISSING"
"553",553,"11/05/1924","10","MISSING"
"554",554,"08/18/1925","4","MISSING"
"555",555,"08/25/1925","4","MISSING"
"556",556,"09/06/1925","2","MISSING"
"557",557,"11/27/1925","9","MISSING"
"558",558,"07/22/1926","12","MISSING"
"559",559,"07/29/1926","11","MISSING"
"560",560,"08/20/1926","8","MISSING"
"561",561,"09/01/1926","24","MISSING"
"562",562,"09/10/1926","5","MISSING"
"563",563,"09/11/1926","7","MISSING"
"564",564,"09/11/1926","12","MISSING"
"565",565,"09/21/1926","11","MISSING"
"566",566,"10/03/1926","3","MISSING"
"567",567,"10/14/1926","15","MISSING"
"568",568,"11/12/1926","5","MISSING"
"569",569,"08/18/1927","12","MISSING"
"570",570,"09/02/1927","10","MISSING"
"571",571,"09/22/1927","8","MISSING"
"572",572,"09/23/1927","9","MISSING"
"573",573,"09/30/1927","5","MISSING"
"574",574,"10/16/1927","4","MISSING"
"575",575,"10/30/1927","6","MISSING"
"576",576,"11/19/1927","3","MISSING"
"577",577,"08/03/1928","11","MISSING"
"578",578,"08/07/1928","11","MISSING"
"579",579,"09/01/1928","8","MISSING"
"580",580,"09/06/1928","16","MISSING"
"581",581,"09/08/1928","6","MISSING"
"582",582,"10/10/1928","6","MISSING"
"583",583,"06/27/1929","4","MISSING"
"584",584,"09/19/1929","17","MISSING"
"585",585,"09/25/1929","5","MISSING"
"586",586,"10/15/1929","6","MISSING"
"587",587,"10/19/1929","5","MISSING"
"588",588,"08/21/1930","14","MISSING"
"589",589,"08/29/1930","20","MISSING"
"590",590,"10/18/1930","4","MISSING"
"591",591,"06/24/1931","5","MISSING"
"592",592,"07/11/1931","7","MISSING"
"593",593,"08/10/1931","10","MISSING"
"594",594,"08/16/1931","6","MISSING"
"595",595,"09/01/1931","4","MISSING"
"596",596,"09/06/1931","8","MISSING"
"597",597,"09/08/1931","9","MISSING"
"598",598,"09/23/1931","7","MISSING"
"599",599,"10/13/1931","4","MISSING"
"600",600,"10/18/1931","5","MISSING"
"601",601,"11/01/1931","5","MISSING"
"602",602,"11/11/1931","6","MISSING"
"603",603,"11/22/1931","4","MISSING"
"604",604,"05/05/1932","7","MISSING"
"605",605,"08/12/1932","4","MISSING"
"606",606,"08/26/1932","10","MISSING"
"607",607,"08/30/1932","18","MISSING"
"608",608,"09/04/1932","4","MISSING"
"609",609,"09/09/1932","10","MISSING"
"610",610,"09/16/1932","11","MISSING"
"611",611,"09/18/1932","4","MISSING"
"612",612,"09/25/1932","8","MISSING"
"613",613,"09/28/1932","3","MISSING"
"614",614,"10/07/1932","12","MISSING"
"615",615,"10/08/1932","5","MISSING"
"616",616,"10/18/1932","4","MISSING"
"617",617,"10/30/1932","16","MISSING"
"618",618,"11/03/1932","8","MISSING"
"619",619,"05/14/1933","6","MISSING"
"620",620,"06/24/1933","14","MISSING"
"621",621,"07/14/1933","14","MISSING"
"622",622,"07/24/1933","13","MISSING"
"623",623,"07/24/1933","4","MISSING"
"624",624,"08/13/1933","16","MISSING"
"625",625,"08/14/1933","8","MISSING"
"626",626,"08/22/1933","15","MISSING"
"627",627,"08/23/1933","9","MISSING"
"628",628,"08/26/1933","5","MISSING"
"629",629,"08/31/1933","8","MISSING"
"630",630,"09/08/1933","15","MISSING"
"631",631,"09/10/1933","7","MISSING"
"632",632,"09/16/1933","10","MISSING"
"633",633,"09/24/1933","5","MISSING"
"634",634,"10/01/1933","9","MISSING"
"635",635,"10/01/1933","4","MISSING"
"636",636,"10/25/1933","14","MISSING"
"637",637,"10/26/1933","5","MISSING"
"638",638,"11/15/1933","3","MISSING"
"639",639,"06/04/1934","18","MISSING"
"640",640,"07/12/1934","6","MISSING"
"641",641,"07/22/1934","5","MISSING"
"642",642,"08/20/1934","4","MISSING"
"643",643,"08/26/1934","7","MISSING"
"644",644,"09/01/1934","4","MISSING"
"645",645,"09/05/1934","6","MISSING"
"646",646,"09/16/1934","8","MISSING"
"647",647,"09/18/1934","8","MISSING"
"648",648,"10/01/1934","6","MISSING"
"649",649,"10/01/1934","4","MISSING"
"650",650,"10/19/1934","5","MISSING"
"651",651,"11/20/1934","11","MISSING"
"652",652,"05/15/1935","5","MISSING"
"653",653,"08/16/1935","11","MISSING"
"654",654,"08/29/1935","13","MISSING"
"655",655,"08/30/1935","4","MISSING"
"656",656,"09/23/1935","10","MISSING"
"657",657,"10/18/1935","10","MISSING"
"658",658,"10/30/1935","10","MISSING"
"659",659,"11/03/1935","12","MISSING"
"660",660,"06/12/1936","6","MISSING"
"661",661,"06/19/1936","4","MISSING"
"662",662,"06/26/1936","3","MISSING"
"663",663,"07/26/1936","3","MISSING"
"664",664,"07/27/1936","6","MISSING"
"665",665,"08/04/1936","8","MISSING"
"666",666,"08/07/1936","6","MISSING"
"667",667,"08/15/1936","6","MISSING"
"668",668,"08/20/1936","4","MISSING"
"669",669,"08/25/1936","13","MISSING"
"670",670,"08/28/1936","4","MISSING"
"671",671,"09/07/1936","2","MISSING"
"672",672,"09/08/1936","18","MISSING"
"673",673,"09/09/1936","6","MISSING"
"674",674,"09/18/1936","8","MISSING"
"675",675,"10/09/1936","3","MISSING"
"676",676,"12/02/1936","15","MISSING"
"677",677,"07/29/1937","5","MISSING"
"678",678,"08/02/1937","8","MISSING"
"679",679,"08/24/1937","10","MISSING"
"680",680,"09/09/1937","6","MISSING"
"681",681,"09/10/1937","3","MISSING"
"682",682,"09/13/1937","8","MISSING"
"683",683,"09/16/1937","6","MISSING"
"684",684,"09/20/1937","9","MISSING"
"685",685,"09/26/1937","8","MISSING"
"686",686,"10/02/1937","3","MISSING"
"687",687,"10/18/1937","4","MISSING"
"688",688,"01/01/1938","6","MISSING"
"689",689,"08/08/1938","2","MISSING"
"690",690,"08/10/1938","6","MISSING"
"691",691,"08/23/1938","7","MISSING"
"692",692,"09/09/1938","6","MISSING"
"693",693,"09/09/1938","15","MISSING"
"694",694,"10/10/1938","8","MISSING"
"695",695,"10/16/1938","6","MISSING"
"696",696,"11/07/1938","4","MISSING"
"697",697,"06/12/1939","7","MISSING"
"698",698,"08/07/1939","13","MISSING"
"699",699,"08/15/1939","6","MISSING"
"700",700,"09/23/1939","5","MISSING"
"701",701,"10/11/1939","8","MISSING"
"702",702,"10/28/1939","11","MISSING"
"703",703,"05/19/1940","9","MISSING"
"704",704,"08/03/1940","8","MISSING"
"705",705,"08/05/1940","10","MISSING"
"706",706,"08/26/1940","9","MISSING"
"707",707,"09/07/1940","13","MISSING"
"708",708,"09/18/1940","8","MISSING"
"709",709,"09/22/1940","7","MISSING"
"710",710,"10/20/1940","5","MISSING"
"711",711,"10/24/1940","6","MISSING"
"712",712,"09/11/1941","6","MISSING"
"713",713,"09/17/1941","11","MISSING"
"714",714,"09/18/1941","8","MISSING"
"715",715,"09/23/1941","8","MISSING"
"716",716,"10/03/1941","11","MISSING"
"717",717,"10/15/1941","8","MISSING"
"718",718,"08/03/1942","3","MISSING"
"719",719,"08/17/1942","7","MISSING"
"720",720,"08/23/1942","10","MISSING"
"721",721,"08/25/1942","10","MISSING"
"722",722,"09/15/1942","9","MISSING"
"723",723,"09/18/1942","8","MISSING"
"724",724,"09/27/1942","4","MISSING"
"725",725,"09/30/1942","6","MISSING"
"726",726,"10/10/1942","4","MISSING"
"727",727,"10/13/1942","6","MISSING"
"728",728,"11/05/1942","7","MISSING"
"729",729,"07/25/1943","6","MISSING"
"730",730,"08/13/1943","7","MISSING"
"731",731,"08/19/1943","9","MISSING"
"732",732,"09/01/1943","10","MISSING"
"733",733,"09/13/1943","5","MISSING"
"734",734,"09/15/1943","6","MISSING"
"735",735,"09/28/1943","5","MISSING"
"736",736,"10/01/1943","3","MISSING"
"737",737,"10/11/1943","7","MISSING"
"738",738,"10/20/1943","7","MISSING"
"739",739,"07/13/1944","8","MISSING"
"740",740,"07/24/1944","4","MISSING"
"741",741,"07/30/1944","6","MISSING"
"742",742,"08/16/1944","9","MISSING"
"743",743,"08/18/1944","6","MISSING"
"744",744,"09/09/1944","8","MISSING"
"745",745,"09/09/1944","3","MISSING"
"746",746,"09/19/1944","4","MISSING"
"747",747,"09/21/1944","8","MISSING"
"748",748,"09/30/1944","4","MISSING"
"749",749,"09/30/1944","4","MISSING"
"750",750,"10/11/1944","5","MISSING"
"751",751,"10/12/1944","13","MISSING"
"752",752,"11/01/1944","3","MISSING"
"753",753,"06/20/1945","15","MISSING"
"754",754,"07/19/1945","4","MISSING"
"755",755,"08/02/1945","3","MISSING"
"756",756,"08/17/1945","5","MISSING"
"757",757,"08/24/1945","6","MISSING"
"758",758,"08/29/1945","4","MISSING"
"759",759,"09/03/1945","4","MISSING"
"760",760,"09/09/1945","4","MISSING"
"761",761,"09/12/1945","9","MISSING"
"762",762,"10/02/1945","6","MISSING"
"763",763,"10/10/1945","7","MISSING"
"764",764,"06/13/1946","4","MISSING"
"765",765,"07/05/1946","6","MISSING"
"766",766,"08/25/1946","2","MISSING"
"767",767,"09/12/1946","6","MISSING"
"768",768,"10/01/1946","6","MISSING"
"769",769,"10/05/1946","10","MISSING"
"770",770,"10/31/1946","4","MISSING"
"771",771,"07/31/1947","3","MISSING"
"772",772,"08/09/1947","8","MISSING"
"773",773,"08/18/1947","10","MISSING"
"774",774,"09/04/1947","18","MISSING"
"775",775,"09/07/1947","3","MISSING"
"776",776,"09/20/1947","7","MISSING"
"777",777,"10/05/1947","5","MISSING"
"778",778,"10/08/1947","4","MISSING"
"779",779,"10/08/1947","9","MISSING"
"780",780,"10/17/1947","6","MISSING"
"781",781,"05/22/1948","8","MISSING"
"782",782,"07/07/1948","5","MISSING"
"783",783,"08/26/1948","11","MISSING"
"784",784,"08/30/1948","3","MISSING"
"785",785,"09/01/1948","6","MISSING"
"786",786,"09/04/1948","14","MISSING"
"787",787,"09/07/1948","4","MISSING"
"788",788,"09/18/1948","9","MISSING"
"789",789,"10/03/1948","14","MISSING"
"790",790,"11/08/1948","4","MISSING"
"791",791,"08/21/1949","10","MISSING"
"792",792,"08/23/1949","10","MISSING"
"793",793,"08/30/1949","5","MISSING"
"794",794,"09/03/1949","9","MISSING"
"795",795,"09/03/1949","3","MISSING"
"796",796,"09/05/1949","12","MISSING"
"797",797,"09/11/1949","4","MISSING"
"798",798,"09/13/1949","5","MISSING"
"799",799,"09/20/1949","3","MISSING"
"800",800,"09/20/1949","7","MISSING"
"801",801,"09/27/1949","11","MISSING"
"802",802,"10/02/1949","6","MISSING"
"803",803,"10/13/1949","9","MISSING"
"804",804,"10/13/1949","5","MISSING"
"805",805,"11/01/1949","6","MISSING"
"806",806,"11/03/1949","3","MISSING"
"807",807,"08/12/1950","13","ABLE"
"808",808,"08/18/1950","15","BAKER"
"809",809,"08/21/1950","16","CHARLIE"
"810",810,"08/30/1950","20","DOG"
"811",811,"09/01/1950","9","EASY"
"812",812,"09/08/1950","10","FOX"
"813",813,"09/27/1950","11","GEORGE"
"814",814,"10/01/1950","4","HOW"
"815",815,"10/08/1950","4","ITEM"
"816",816,"10/11/1950","8","JIG"
"817",817,"10/13/1950","8","KING"
"818",818,"10/17/1950","8","MISSING"
"819",819,"10/18/1950","5","LOVE"
"820",820,"10/25/1950","4","MIKE"
"821",821,"10/27/1950","3","MISSING"
"822",822,"11/10/1950","3","MISSING"
"823",823,"05/15/1951","10","ABLE"
"824",824,"08/02/1951","4","BAKER"
"825",825,"08/12/1951","12","CHARLIE"
"826",826,"08/27/1951","10","DOG"
"827",827,"09/02/1951","10","FOX"
"828",828,"09/02/1951","12","EASY"
"829",829,"09/20/1951","2","GEORGE"
"830",830,"09/28/1951","11","HOW"
"831",831,"10/12/1951","6","ITEM"
"832",832,"10/15/1951","6","JIG"
"833",833,"02/02/1952","4","MISSING"
"834",834,"08/18/1952","16","ABLE"
"835",835,"08/31/1952","10","BAKER"
"836",836,"09/22/1952","10","CHARLIE"
"837",837,"09/25/1952","5","DOG"
"838",838,"10/06/1952","6","EASY"
"839",839,"10/20/1952","9","FOX"
"840",840,"05/25/1953","13","ALICE"
"841",841,"08/11/1953","6","BARBARA"
"842",842,"08/28/1953","13","CAROL"
"843",843,"08/28/1953","7","MISSING"
"844",844,"09/08/1953","10","DOLLY"
"845",845,"09/14/1953","7","EDNA"
"846",846,"09/14/1953","8","MISSING"
"847",847,"09/23/1953","6","FLORENCE"
"848",848,"10/02/1953","4","GAIL"
"849",849,"10/03/1953","8","MISSING"
"850",850,"10/05/1953","5","MISSING"
"851",851,"10/07/1953","6","HAZEL"
"852",852,"11/23/1953","4","MISSING"
"853",853,"12/07/1953","3","MISSING"
"854",854,"06/24/1954","3","ALICE"
"855",855,"07/27/1954","4","BARBARA"
"856",856,"08/25/1954","8","CAROL"
"857",857,"08/31/1954","5","DOLLY"
"858",858,"09/02/1954","14","EDNA"
"859",859,"09/11/1954","2","FLORENCE"
"860",860,"09/24/1954","4","GILDA"
"861",861,"09/25/1954","13","MISSING"
"862",862,"10/05/1954","14","HAZEL"
"863",863,"11/16/1954","6","MISSING"
"864",864,"12/30/1954","8","ALICE"
"865",865,"07/31/1955","4","BRENDA"
"866",866,"08/03/1955","13","CONNIE"
"867",867,"08/07/1955","15","DIANE"
"868",868,"08/21/1955","14","EDITH"
"869",869,"08/23/1955","8","MISSING"
"870",870,"09/02/1955","8","FLORA"
"871",871,"09/04/1955","3","GLADYS"
"872",872,"09/10/1955","15","IONE"
"873",873,"09/10/1955","11","HILDA"
"874",874,"09/21/1955","10","JANET"
"875",875,"10/10/1955","5","MISSING"
"876",876,"10/14/1955","7","KATIE"
"877",877,"06/12/1956","4","MISSING"
"878",878,"07/25/1956","3","ANNA"
"879",879,"08/09/1956","12","BETSY"
"880",880,"09/05/1956","7","CARLA"
"881",881,"09/10/1956","3","DORA"
"882",882,"09/11/1956","4","ETHEL"
"883",883,"09/21/1956","10","FLOSSY"
"884",884,"10/30/1956","9","GRETA"
"885",885,"06/08/1957","8","MISSING"
"886",886,"06/25/1957","5","AUDREY"
"887",887,"08/08/1957","4","BERTHA"
"888",888,"09/02/1957","23","CARRIE"
"889",889,"09/07/1957","3","DEBBIE"
"890",890,"09/16/1957","4","ESTHER"
"891",891,"09/20/1957","8","FRIEDA"
"892",892,"10/23/1957","5","MISSING"
"893",893,"06/14/1958","3","ALMA"
"894",894,"08/08/1958","10","BECKY"
"895",895,"08/11/1958","12","CLEO"
"896",896,"08/24/1958","8","DAISY"
"897",897,"08/30/1958","8","ELLA"
"898",898,"09/04/1958","9","FIFI"
"899",899,"09/13/1958","3","GERDA"
"900",900,"09/21/1958","14","HELENE"
"901",901,"09/24/1958","7","ILSA"
"902",902,"10/05/1958","9","JANICE"
"903",903,"05/28/1959","6","ARLENE"
"904",904,"06/15/1959","4","BEULAH"
"905",905,"06/18/1959","4","MISSING"
"906",906,"07/05/1959","8","CINDY"
"907",907,"07/23/1959","6","DEBRA"
"908",908,"08/17/1959","3","EDITH"
"909",909,"09/09/1959","6","FLORA"
"910",910,"09/20/1959","13","GRACIE"
"911",911,"09/27/1959","12","HANNAH"
"912",912,"10/06/1959","4","IRENE"
"913",913,"10/17/1959","5","JUDITH"
"914",914,"06/22/1960","8","MISSING"
"915",915,"07/10/1960","7","ABBY"
"916",916,"07/28/1960","5","BRENDA"
"917",917,"08/17/1960","5","CLEO"
"918",918,"08/29/1960","17","DONNA"
"919",919,"09/14/1960","4","ETHEL"
"920",920,"09/17/1960","11","FLORENCE"
"921",921,"07/20/1961","5","ANNA"
"922",922,"09/02/1961","11","BETSY"
"923",923,"09/03/1961","14","CARLA"
"924",924,"09/06/1961","11","DEBBIE"
"925",925,"09/10/1961","18","ESTHER"
"926",926,"09/12/1961","4","MISSING"
"927",927,"09/30/1961","11","FRANCES"
"928",928,"10/16/1961","7","GERDA"
"929",929,"10/27/1961","6","HATTIE"
"930",930,"11/01/1961","3","SIMONE"
"931",931,"11/01/1961","9","JENNY"
"932",932,"11/05/1961","4","INGA"
"933",933,"08/27/1962","6","BECKY"
"934",934,"08/26/1962","8","ALMA"
"935",935,"09/12/1962","10","CELIA"
"936",936,"09/29/1962","11","DAISY"
"937",937,"10/14/1962","10","ELLA"
"938",938,"07/31/1963","12","ARLENE"
"939",939,"08/20/1963","9","BEULAH"
"940",940,"09/10/1963","6","MISSING"
"941",941,"09/16/1963","5","CINDY"
"942",942,"09/19/1963","6","DEBRA"
"943",943,"09/23/1963","7","EDITH"
"944",944,"09/26/1963","18","FLORA"
"945",945,"10/16/1963","15","GINNY"
"946",946,"10/25/1963","5","HELENA"
"947",947,"06/02/1964","10","MISSING"
"948",948,"07/28/1964","7","MISSING"
"949",949,"08/05/1964","4","ABBY"
"950",950,"08/07/1964","4","BRENDA"
"951",951,"08/20/1964","17","CLEO"
"952",952,"08/28/1964","20","DORA"
"953",953,"09/04/1964","13","ETHEL"
"954",954,"09/05/1964","6","FLORENCE"
"955",955,"09/13/1964","13","GLADYS"
"956",956,"09/28/1964","8","HILDA"
"957",957,"10/08/1964","10","ISBELL"
"958",958,"11/05/1964","6","MISSING"
"959",959,"06/11/1965","8","MISSING"
"960",960,"08/21/1965","6","ANNA"
"961",961,"08/27/1965","18","BETSY"
"962",962,"09/16/1965","16","CAROL"
"963",963,"09/24/1965","7","DEBBIE"
"964",964,"10/12/1965","8","ELENA"
"965",965,"06/04/1966","11","ALMA"
"966",966,"07/01/1966","3","BECKY"
"967",967,"07/13/1966","10","CELIA"
"968",968,"07/22/1966","7","ELLA"
"969",969,"07/22/1966","10","DOROTHY"
"970",970,"08/21/1966","18","FAITH"
"971",971,"09/01/1966","7","GRETA"
"972",972,"09/20/1966","3","HALLIE"
"973",973,"09/21/1966","21","INEZ"
"974",974,"09/27/1966","4","JUDITH"
"975",975,"11/04/1966","11","LOIS"
"976",976,"06/10/1967","3","MISSING"
"977",977,"06/10/1967","4","MISSING"
"978",978,"06/14/1967","5","MISSING"
"979",979,"06/18/1967","3","MISSING"
"980",980,"07/05/1967","5","MISSING"
"981",981,"07/21/1967","2","MISSING"
"982",982,"08/03/1967","4","MISSING"
"983",983,"08/10/1967","7","MISSING"
"984",984,"08/16/1967","4","MISSING"
"985",985,"08/20/1967","5","MISSING"
"986",986,"08/28/1967","8","ARLENE"
"987",987,"09/05/1967","17","CHLOE"
"988",988,"09/05/1967","18","BEULAH"
"989",989,"09/08/1967","14","DORIA"
"990",990,"09/18/1967","9","MISSING"
"991",991,"09/22/1967","9","MISSING"
"992",992,"09/25/1967","4","MISSING"
"993",993,"09/26/1967","6","EDITH"
"994",994,"10/01/1967","4","FERN"
"995",995,"10/03/1967","3","MISSING"
"996",996,"10/05/1967","4","GINGER"
"997",997,"10/08/1967","2","MISSING"
"998",998,"10/12/1967","3","MISSING"
"999",999,"10/15/1967","3","MISSING"
"1000",1000,"10/19/1967","14","HEIDI"
"1001",1001,"10/26/1967","4","MISSING"
"1002",1002,"06/01/1968","13","ABBY"
"1003",1003,"06/17/1968","10","BRENDA"
"1004",1004,"06/22/1968","5","CANDY"
"1005",1005,"07/04/1968","2","MISSING"
"1006",1006,"08/10/1968","8","DOLLY"
"1007",1007,"08/26/1968","7","MISSING"
"1008",1008,"09/07/1968","4","MISSING"
"1009",1009,"09/11/1968","9","EDNA"
"1010",1010,"09/14/1968","10","SUBTROP"
"1011",1011,"09/17/1968","5","MISSING"
"1012",1012,"09/23/1968","3","MISSING"
"1013",1013,"09/23/1968","8","FRANCES"
"1014",1014,"09/25/1968","5","MISSING"
"1015",1015,"10/13/1968","9","GLADYS"
"1016",1016,"11/24/1968","2","MISSING"
"1017",1017,"05/29/1969","5","MISSING"
"1018",1018,"05/29/1969","2","MISSING"
"1019",1019,"06/07/1969","3","MISSING"
"1020",1020,"06/12/1969","4","MISSING"
"1021",1021,"07/25/1969","12","ANNA"
"1022",1022,"07/25/1969","3","MISSING"
"1023",1023,"08/11/1969","3","BLANCHE"
"1024",1024,"08/14/1969","9","CAMILLE"
"1025",1025,"08/14/1969","12","DEBBIE"
"1026",1026,"08/24/1969","3","MISSING"
"1027",1027,"08/24/1969","5","MISSING"
"1028",1028,"08/25/1969","3","EVE"
"1029",1029,"08/29/1969","7","FRANCELIA"
"1030",1030,"08/29/1969","4","MISSING"
"1031",1031,"09/05/1969","6","MISSING"
"1032",1032,"09/06/1969","5","GERDA"
"1033",1033,"09/14/1969","8","HOLLY"
"1034",1034,"09/16/1969","5","MISSING"
"1035",1035,"09/19/1969","2","MISSING"
"1036",1036,"09/20/1969","26","INGA"
"1037",1037,"09/21/1969","6","MISSING"
"1038",1038,"09/24/1969","7","MISSING"
"1039",1039,"09/29/1969","3","SUBTROP"
"1040",1040,"10/01/1969","6","JENNY"
"1041",1041,"10/07/1969","13","KARA"
"1042",1042,"10/17/1969","11","LAURIE"
"1043",1043,"10/28/1969","4","MISSING"
"1044",1044,"10/30/1969","9","MISSING"
"1045",1045,"11/21/1969","5","MARTHA"
"1046",1046,"05/17/1970","11","ALMA"
"1047",1047,"07/19/1970","5","BECKY"
"1048",1048,"07/27/1970","6","MISSING"
"1049",1049,"07/31/1970","6","CELIA"
"1050",1050,"08/02/1970","5","MISSING"
"1051",1051,"08/05/1970","3","MISSING"
"1052",1052,"08/11/1970","8","MISSING"
"1053",1053,"08/15/1970","5","MISSING"
"1054",1054,"08/17/1970","7","DOROTHY"
"1055",1055,"09/03/1970","7","MISSING"
"1056",1056,"09/05/1970","3","MISSING"
"1057",1057,"09/08/1970","6","ELLA"
"1058",1058,"09/12/1970","6","FELICE"
"1059",1059,"09/22/1970","4","MISSING"
"1060",1060,"09/23/1970","19","MISSING"
"1061",1061,"09/26/1970","10","GRETA"
"1062",1062,"09/29/1970","3","MISSING"
"1063",1063,"10/12/1970","7","MISSING"
"1064",1064,"10/20/1970","9","MISSING"
"1065",1065,"07/04/1971","5","ARLENE"
"1066",1066,"07/07/1971","2","MISSING"
"1067",1067,"07/10/1971","2","MISSING"
"1068",1068,"08/03/1971","5","MISSING"
"1069",1069,"08/06/1971","4","MISSING"
"1070",1070,"08/10/1971","8","BETH"
"1071",1071,"08/12/1971","5","MISSING"
"1072",1072,"08/18/1971","8","CHLOE"
"1073",1073,"08/20/1971","10","DORIA"
"1074",1074,"08/28/1971","5","MISSING"
"1075",1075,"09/03/1971","6","MISSING"
"1076",1076,"09/03/1971","11","FERN"
"1077",1077,"09/05/1971","14","EDITH"
"1078",1078,"09/06/1971","30","GINGER"
"1079",1079,"09/08/1971","4","MISSING"
"1080",1080,"09/10/1971","5","MISSING"
"1081",1081,"09/11/1971","5","HEIDI"
"1082",1082,"09/11/1971","21","IRENE"
"1083",1083,"09/21/1971","4","JANICE"
"1084",1084,"10/06/1971","9","MISSING"
"1085",1085,"10/18/1971","4","KRISTY"
"1086",1086,"11/12/1971","11","LAURA"
"1087",1087,"05/23/1972","7","ALPHA"
"1088",1088,"06/14/1972","10","AGNES"
"1089",1089,"06/19/1972","2","MISSING"
"1090",1090,"07/10/1972","3","MISSING"
"1091",1091,"07/16/1972","5","MISSING"
"1092",1092,"07/31/1972","4","MISSING"
"1093",1093,"08/05/1972","3","MISSING"
"1094",1094,"08/12/1972","4","MISSING"
"1095",1095,"08/16/1972","3","MISSING"
"1096",1096,"08/22/1972","11","BETTY"
"1097",1097,"08/29/1972","8","CARRIE"
"1098",1098,"09/03/1972","3","MISSING"
"1099",1099,"09/05/1972","10","DAWN"
"1100",1100,"09/19/1972","4","CHARLIE"
"1101",1101,"09/20/1972","5","MISSING"
"1102",1102,"10/01/1972","3","MISSING"
"1103",1103,"10/05/1972","11","MISSING"
"1104",1104,"10/16/1972","5","MISSING"
"1105",1105,"11/01/1972","7","DELTA"
"1106",1106,"04/18/1973","4","MISSING"
"1107",1107,"05/02/1973","4","MISSING"
"1108",1108,"06/24/1973","3","MISSING"
"1109",1109,"07/01/1973","7","ALICE"
"1110",1110,"07/19/1973","3","MISSING"
"1111",1111,"07/30/1973","4","ALFA"
"1112",1112,"08/09/1973","3","MISSING"
"1113",1113,"08/18/1973","5","BRENDA"
"1114",1114,"08/25/1973","11","CHRISTINE"
"1115",1115,"09/01/1973","7","DELIA"
"1116",1116,"09/06/1973","7","MISSING"
"1117",1117,"09/14/1973","10","ELLEN"
"1118",1118,"09/24/1973","3","MISSING"
"1119",1119,"10/08/1973","6","FRAN"
"1120",1120,"10/10/1973","3","MISSING"
"1121",1121,"10/16/1973","15","GILDA"
"1122",1122,"11/17/1973","2","MISSING"
"1123",1123,"06/22/1974","5","MISSING"
"1124",1124,"06/24/1974","3","SUBTROP"
"1125",1125,"06/30/1974","3","MISSING"
"1126",1126,"07/13/1974","5","MISSING"
"1127",1127,"07/16/1974","5","SUBTROP"
"1128",1128,"08/10/1974","6","SUBTROP"
"1129",1129,"08/12/1974","4","ALMA"
"1130",1130,"08/24/1974","3","MISSING"
"1131",1131,"08/26/1974","8","BECKY"
"1132",1132,"08/29/1974","13","CARMEN"
"1133",1133,"09/02/1974","10","MISSING"
"1134",1134,"09/02/1974","4","DOLLY"
"1135",1135,"09/04/1974","11","ELAINE"
"1136",1136,"09/14/1974","9","FIFI"
"1137",1137,"09/18/1974","3","MISSING"
"1138",1138,"09/23/1974","5","MISSING"
"1139",1139,"09/27/1974","8","GERTRUDE"
"1140",1140,"10/04/1974","6","SUBTROP"
"1141",1141,"10/30/1974","4","MISSING"
"1142",1142,"11/10/1974","3","MISSING"
"1143",1143,"06/24/1975","6","MISSING"
"1144",1144,"06/27/1975","8","AMY"
"1145",1145,"07/04/1975","2","MISSING"
"1146",1146,"07/24/1975","5","BLANCHE"
"1147",1147,"07/25/1975","2","MISSING"
"1148",1148,"07/28/1975","3","MISSING"
"1149",1149,"08/24/1975","9","CAROLINE"
"1150",1150,"08/28/1975","8","DORIS"
"1151",1151,"09/03/1975","4","MISSING"
"1152",1152,"09/03/1975","7","MISSING"
"1153",1153,"09/06/1975","2","MISSING"
"1154",1154,"09/11/1975","4","MISSING"
"1155",1155,"09/13/1975","12","ELOISE"
"1156",1156,"09/18/1975","12","FAYE"
"1157",1157,"09/22/1975","13","GLADYS"
"1158",1158,"09/25/1975","5","MISSING"
"1159",1159,"10/03/1975","3","MISSING"
"1160",1160,"10/14/1975","4","MISSING"
"1161",1161,"10/24/1975","5","HALLIE"
"1162",1162,"10/27/1975","3","MISSING"
"1163",1163,"11/08/1975","5","MISSING"
"1164",1164,"11/29/1975","3","MISSING"
"1165",1165,"12/09/1975","5","SUBTROP"
"1166",1166,"05/21/1976","5","SUBTROP"
"1167",1167,"06/07/1976","3","MISSING"
"1168",1168,"06/11/1976","2","MISSING"
"1169",1169,"07/20/1976","3","MISSING"
"1170",1170,"07/23/1976","2","MISSING"
"1171",1171,"07/28/1976","10","ANNA"
"1172",1172,"08/06/1976","5","BELLE"
"1173",1173,"08/18/1976","4","DOTTIE"
"1174",1174,"08/18/1976","7","CANDICE"
"1175",1175,"08/20/1976","16","EMMY"
"1176",1176,"08/27/1976","12","FRANCES"
"1177",1177,"09/04/1976","3","MISSING"
"1178",1178,"09/05/1976","3","MISSING"
"1179",1179,"09/13/1976","5","SUBTROP"
"1180",1180,"09/20/1976","8","MISSING"
"1181",1181,"09/22/1976","3","MISSING"
"1182",1182,"09/26/1976","3","MISSING"
"1183",1183,"09/26/1976","10","GLORIA"
"1184",1184,"10/03/1976","10","MISSING"
"1185",1185,"10/12/1976","4","MISSING"
"1186",1186,"10/22/1976","8","HOLLY"
"1187",1187,"06/13/1977","2","MISSING"
"1188",1188,"07/18/1977","2","MISSING"
"1189",1189,"07/25/1977","2","MISSING"
"1190",1190,"08/01/1977","4","MISSING"
"1191",1191,"08/29/1977","6","ANITA"
"1192",1192,"09/03/1977","7","BABE"
"1193",1193,"09/05/1977","8","CLARA"
"1194",1194,"09/17/1977","3","MISSING"
"1195",1195,"09/22/1977","2","MISSING"
"1196",1196,"09/26/1977","5","DOROTHY"
"1197",1197,"10/01/1977","3","MISSING"
"1198",1198,"10/03/1977","3","MISSING"
"1199",1199,"10/13/1977","4","EVELYN"
"1200",1200,"10/16/1977","4","FRIEDA"
"1201",1201,"10/24/1977","2","MISSING"
"1202",1202,"01/18/1978","6","SUBTROP"
"1203",1203,"06/21/1978","2","MISSING"
"1204",1204,"07/10/1978","3","MISSING"
"1205",1205,"07/30/1978","3","AMELIA"
"1206",1206,"08/05/1978","4","BESS"
"1207",1207,"08/07/1978","5","MISSING"
"1208",1208,"08/07/1978","6","CORA"
"1209",1209,"08/09/1978","2","MISSING"
"1210",1210,"08/26/1978","4","DEBRA"
"1211",1211,"08/30/1978","7","ELLA"
"1212",1212,"08/30/1978","3","MISSING"
"1213",1213,"09/04/1978","13","FLOSSIE"
"1214",1214,"09/03/1978","9","MISSING"
"1215",1215,"09/08/1978","3","MISSING"
"1216",1216,"09/12/1978","10","HOPE"
"1217",1217,"09/13/1978","8","GRETA"
"1218",1218,"09/18/1978","12","MISSING"
"1219",1219,"09/21/1978","3","MISSING"
"1220",1220,"10/02/1978","4","IRMA"
"1221",1221,"10/07/1978","5","JULIET"
"1222",1222,"10/13/1978","5","MISSING"
"1223",1223,"10/26/1978","4","MISSING"
"1224",1224,"10/28/1978","7","KENDRA"
"1225",1225,"11/03/1978","3","MISSING"
"1226",1226,"06/11/1979","6","MISSING"
"1227",1227,"06/19/1979","6","ANA"
"1228",1228,"07/08/1979","6","MISSING"
"1229",1229,"07/09/1979","8","BOB"
"1230",1230,"07/10/1979","4","MISSING"
"1231",1231,"07/15/1979","15","CLAUDETTE"
"1232",1232,"07/23/1979","4","MISSING"
"1233",1233,"07/31/1979","7","MISSING"
"1234",1234,"08/25/1979","15","DAVID"
"1235",1235,"08/25/1979","4","MISSING"
"1236",1236,"08/29/1979","18","FREDERIC"
"1237",1237,"08/30/1979","4","ELENA"
"1238",1238,"09/01/1979","6","MISSING"
"1239",1239,"09/04/1979","12","GLORIA"
"1240",1240,"09/15/1979","10","HENRI"
"1241",1241,"09/16/1979","6","MISSING"
"1242",1242,"10/12/1979","9","MISSING"
"1243",1243,"10/23/1979","3","SUBTROP"
"1244",1244,"10/24/1979","6","MISSING"
"1245",1245,"11/07/1979","4","MISSING"
"1246",1246,"07/17/1980","5","MISSING"
"1247",1247,"07/17/1980","5","MISSING"
"1248",1248,"07/22/1980","5","MISSING"
"1249",1249,"07/31/1980","12","ALLEN"
"1250",1250,"08/13/1980","5","MISSING"
"1251",1251,"08/14/1980","6","BONNIE"
"1252",1252,"08/20/1980","6","CHARLEY"
"1253",1253,"08/25/1980","5","MISSING"
"1254",1254,"09/01/1980","8","GEORGES"
"1255",1255,"09/04/1980","8","EARL"
"1256",1256,"09/04/1980","4","DANIELLE"
"1257",1257,"09/06/1980","16","FRANCES"
"1258",1258,"09/20/1980","7","HERMINE"
"1259",1259,"10/01/1980","12","IVAN"
"1260",1260,"10/16/1980","3","MISSING"
"1261",1261,"11/07/1980","10","JEANNE"
"1262",1262,"11/12/1980","7","MISSING"
"1263",1263,"11/25/1980","4","KARL"
"1264",1264,"04/06/1981","2","MISSING"
"1265",1265,"04/19/1981","3","MISSING"
"1266",1266,"05/06/1981","4","ARLENE"
"1267",1267,"06/03/1981","3","MISSING"
"1268",1268,"06/17/1981","3","MISSING"
"1269",1269,"06/29/1981","3","BRET"
"1270",1270,"07/02/1981","3","MISSING"
"1271",1271,"07/25/1981","2","MISSING"
"1272",1272,"08/02/1981","4","CINDY"
"1273",1273,"08/07/1981","16","DENNIS"
"1274",1274,"08/17/1981","5","MISSING"
"1275",1275,"08/26/1981","4","MISSING"
"1276",1276,"08/31/1981","13","EMILY"
"1277",1277,"09/03/1981","10","FLOYD"
"1278",1278,"09/07/1981","9","GERT"
"1279",1279,"09/12/1981","3","MISSING"
"1280",1280,"09/11/1981","10","HARVEY"
"1281",1281,"09/21/1981","13","IRENE"
"1282",1282,"09/26/1981","9","MISSING"
"1283",1283,"10/29/1981","5","JOSE"
"1284",1284,"11/03/1981","5","KATRINA"
"1285",1285,"11/12/1981","6","SUBTROP"
"1286",1286,"06/02/1982","5","ALBERTO"
"1287",1287,"06/18/1982","3","SUBTROP"
"1288",1288,"08/28/1982","10","BERYL"
"1289",1289,"09/06/1982","4","MISSING"
"1290",1290,"09/09/1982","4","CHRIS"
"1291",1291,"09/13/1982","8","DEBBY"
"1292",1292,"09/24/1982","4","MISSING"
"1293",1293,"09/30/1982","4","ERNESTO"
"1294",1294,"07/23/1983","6","MISSING"
"1295",1295,"07/27/1983","7","MISSING"
"1296",1296,"08/15/1983","7","ALICIA"
"1297",1297,"08/23/1983","7","BARRY"
"1298",1298,"09/10/1983","6","CHANTAL"
"1299",1299,"09/26/1983","5","DEAN"
"1300",1300,"06/11/1984","4","MISSING"
"1301",1301,"06/18/1984","3","MISSING"
"1302",1302,"07/24/1984","3","MISSING"
"1303",1303,"08/06/1984","3","MISSING"
"1304",1304,"08/18/1984","4","SUBTROP"
"1305",1305,"08/28/1984","9","ARTHUR"
"1306",1306,"08/30/1984","6","BERTHA"
"1307",1307,"08/31/1984","3","CESAR"
"1308",1308,"09/06/1984","3","MISSING"
"1309",1309,"09/08/1984","9","DIANA"
"1310",1310,"09/14/1984","2","EDOUARD"
"1311",1311,"09/15/1984","6","FRAN"
"1312",1312,"09/16/1984","4","GUSTAV"
"1313",1313,"09/23/1984","10","HORTENSE"
"1314",1314,"09/25/1984","7","ISIDORE"
"1315",1315,"10/07/1984","15","JOSEPHINE"
"1316",1316,"10/25/1984","4","MISSING"
"1317",1317,"11/05/1984","9","KLAUS"
"1318",1318,"11/23/1984","6","MISSING"
"1319",1319,"12/12/1984","13","LILI"
"1320",1320,"07/15/1985","5","ANA"
"1321",1321,"07/21/1985","6","BOB"
"1322",1322,"08/09/1985","9","CLAUDETTE"
"1323",1323,"08/12/1985","9","DANNY"
"1324",1324,"08/28/1985","8","ELENA"
"1325",1325,"09/08/1985","6","MISSING"
"1326",1326,"09/11/1985","3","MISSING"
"1327",1327,"09/15/1985","5","FABIAN"
"1328",1328,"09/16/1985","17","GLORIA"
"1329",1329,"09/21/1985","5","HENRI"
"1330",1330,"10/07/1985","9","ISABEL"
"1331",1331,"10/26/1985","7","JUAN"
"1332",1332,"11/15/1985","9","KATE"
"1333",1333,"12/07/1985","3","MISSING"
"1334",1334,"06/05/1986","4","ANDREW"
"1335",1335,"06/23/1986","6","BONNIE"
"1336",1336,"07/23/1986","6","MISSING"
"1337",1337,"08/04/1986","2","MISSING"
"1338",1338,"08/13/1986","18","CHARLEY"
"1339",1339,"08/30/1986","6","MISSING"
"1340",1340,"09/01/1986","4","MISSING"
"1341",1341,"09/07/1986","4","DANIELLE"
"1342",1342,"09/10/1986","11","EARL"
"1343",1343,"11/18/1986","4","FRANCES"
"1344",1344,"05/24/1987","9","MISSING"
"1345",1345,"08/08/1987","21","ARLENE"
"1346",1346,"08/09/1987","9","MISSING"
"1347",1347,"08/13/1987","3","MISSING"
"1348",1348,"08/18/1987","7","BRET"
"1349",1349,"08/30/1987","4","MISSING"
"1350",1350,"09/06/1987","3","MISSING"
"1351",1351,"09/05/1987","6","CINDY"
"1352",1352,"09/07/1987","2","MISSING"
"1353",1353,"09/08/1987","13","DENNIS"
"1354",1354,"09/13/1987","5","MISSING"
"1355",1355,"09/20/1987","7","EMILY"
"1356",1356,"10/09/1987","6","FLOYD"
"1357",1357,"10/31/1987","5","MISSING"
"1358",1358,"05/31/1988","3","ONE"
"1359",1359,"08/05/1988","4","ALBERTO"
"1360",1360,"08/08/1988","3","BERYL"
"1361",1361,"08/13/1988","2","FOUR"
"1362",1362,"08/20/1988","5","SIX"
"1363",1363,"08/20/1988","12","FIVE"
"1364",1364,"08/21/1988","10","CHRIS"
"1365",1365,"08/31/1988","9","DEBBY"
"1366",1366,"09/03/1988","3","ERNESTO"
"1367",1367,"09/04/1988","1","TEN"
"1368",1368,"09/07/1988","4","MISSING"
"1369",1369,"09/07/1988","5","FLORENCE"
"1370",1370,"09/08/1988","13","GILBERT"
"1371",1371,"09/19/1988","12","HELENE"
"1372",1372,"09/27/1988","3","FIFTEEN"
"1373",1373,"09/28/1988","4","ISAAC"
"1374",1374,"10/10/1988","24","JOAN"
"1375",1375,"10/19/1988","3","EIGHTEEN"
"1376",1376,"11/17/1988","10","KEITH"
"1377",1377,"06/15/1989","3","MISSING"
"1378",1378,"06/24/1989","8","ALLISON"
"1379",1379,"07/09/1989","6","BARRY"
"1380",1380,"07/31/1989","10","DEAN"
"1381",1381,"07/30/1989","5","CHANTAL"
"1382",1382,"08/08/1989","10","MISSING"
"1383",1383,"08/18/1989","10","ERIN"
"1384",1384,"08/26/1989","16","FELIX"
"1385",1385,"08/27/1989","2","MISSING"
"1386",1386,"08/30/1989","15","GABRIELLE"
"1387",1387,"09/10/1989","16","HUGO"
"1388",1388,"09/16/1989","6","IRIS"
"1389",1389,"10/02/1989","4","MISSING"
"1390",1390,"10/12/1989","5","JERRY"
"1391",1391,"11/28/1989","7","KAREN"
"1392",1392,"05/24/1990","3","MISSING"
"1393",1393,"07/22/1990","6","ARTHUR"
"1394",1394,"07/24/1990","10","BERTHA"
"1395",1395,"07/31/1990","8","CESAR"
"1396",1396,"08/02/1990","12","EDOUARD"
"1397",1397,"08/04/1990","6","DIANA"
"1398",1398,"08/11/1990","4","FRAN"
"1399",1399,"08/24/1990","11","GUSTAV"
"1400",1400,"08/25/1990","7","HORTENSE"
"1401",1401,"09/04/1990","14","ISIDORE"
"1402",1402,"09/18/1990","10","MISSING"
"1403",1403,"09/21/1990","16","JOSEPHINE"
"1404",1404,"10/03/1990","7","KLAUS"
"1405",1405,"10/06/1990","10","LILI"
"1406",1406,"10/09/1990","5","MARCO"
"1407",1407,"10/16/1990","6","NANA"
"1408",1408,"06/29/1991","7","ANA"
"1409",1409,"07/05/1991","3","MISSING"
"1410",1410,"08/16/1991","14","BOB"
"1411",1411,"08/24/1991","3","MISSING"
"1412",1412,"08/28/1991","4","MISSING"
"1413",1413,"09/04/1991","11","CLAUDETTE"
"1414",1414,"09/07/1991","5","DANNY"
"1415",1415,"09/08/1991","5","ERIKA"
"1416",1416,"10/15/1991","3","FABIAN"
"1417",1417,"10/24/1991","2","MISSING"
"1418",1418,"10/25/1991","5","GRACE"
"1419",1419,"10/28/1991","6","MISSING"
"1420",1420,"04/21/1992","4","SUBTROP"
"1421",1421,"06/25/1992","2","MISSING"
"1422",1422,"07/24/1992","3","MISSING"
"1423",1423,"08/16/1992","13","ANDREW"
"1424",1424,"09/17/1992","16","BONNIE"
"1425",1425,"09/21/1992","9","CHARLEY"
"1426",1426,"09/22/1992","5","DANIELLE"
"1427",1427,"09/25/1992","7","MISSING"
"1428",1428,"09/26/1992","8","EARL"
"1429",1429,"10/22/1992","9","FRANCES"
"1430",1430,"05/31/1993","4","ONE"
"1431",1431,"06/18/1993","4","ARLENE"
"1432",1432,"08/04/1993","8","BRET"
"1433",1433,"08/14/1993","4","CINDY"
"1434",1434,"08/22/1993","16","EMILY"
"1435",1435,"08/23/1993","6","DENNIS"
"1436",1436,"09/07/1993","7","FLOYD"
"1437",1437,"09/14/1993","13","GERT"
"1438",1438,"09/18/1993","4","HARVEY"
"1439",1439,"09/29/1993","2","MISSING"
"1440",1440,"06/30/1994","8","ALBERTO"
"1441",1441,"07/20/1994","2","MISSING"
"1442",1442,"08/14/1994","6","BERYL"
"1443",1443,"08/16/1994","8","CHRIS"
"1444",1444,"08/29/1994","3","MISSING"
"1445",1445,"09/09/1994","3","DEBBY"
"1446",1446,"09/21/1994","6","ERNESTO"
"1447",1447,"09/24/1994","3","MISSING"
"1448",1448,"09/27/1994","3","MISSING"
"1449",1449,"09/29/1994","2","MISSING"
"1450",1450,"11/02/1994","7","FLORENCE"
"1451",1451,"11/08/1994","14","GORDON"
"1452",1452,"06/03/1995","9","ALLISON"
"1453",1453,"07/05/1995","6","BARRY"
"1454",1454,"07/12/1995","11","CHANTAL"
"1455",1455,"07/28/1995","6","DEAN"
"1456",1456,"07/31/1995","7","ERIN"
"1457",1457,"08/05/1995","3","MISSING"
"1458",1458,"08/08/1995","18","FELIX"
"1459",1459,"08/09/1995","4","GABRIELLE"
"1460",1460,"08/22/1995","11","HUMBERTO"
"1461",1461,"08/22/1995","17","IRIS"
"1462",1462,"08/22/1995","7","JERRY"
"1463",1463,"08/26/1995","9","KAREN"
"1464",1464,"08/27/1995","17","LUIS"
"1465",1465,"09/09/1995","5","MISSING"
"1466",1466,"09/12/1995","20","MARILYN"
"1467",1467,"09/26/1995","12","NOEL"
"1468",1468,"09/27/1995","10","OPAL"
"1469",1469,"10/04/1995","5","PABLO"
"1470",1470,"10/07/1995","15","ROXANNE"
"1471",1471,"10/20/1995","6","SEBASTIEN"
"1472",1472,"10/27/1995","8","TANYA"
"1473",1473,"06/17/1996","7","ARTHUR"
"1474",1474,"07/05/1996","13","BERTHA"
"1475",1475,"07/24/1996","5","CESAR"
"1476",1476,"08/19/1996","7","DOLLY"
"1477",1477,"08/19/1996","19","EDOUARD"
"1478",1478,"08/23/1996","19","FRAN"
"1479",1479,"08/26/1996","8","GUSTAV"
"1480",1480,"09/03/1996","14","HORTENSE"
"1481",1481,"09/24/1996","9","ISIDORE"
"1482",1482,"10/04/1996","13","JOSEPHINE"
"1483",1483,"10/11/1996","2","KYLE"
"1484",1484,"10/14/1996","16","LILI"
"1485",1485,"11/13/1996","14","MARCO"
"1486",1486,"05/31/1997","3","MISSING"
"1487",1487,"06/30/1997","6","ANA"
"1488",1488,"07/11/1997","3","BILL"
"1489",1489,"07/13/1997","4","CLAUDETTE"
"1490",1490,"07/17/1997","3","MISSING"
"1491",1491,"07/16/1997","12","DANNY"
"1492",1492,"09/03/1997","17","ERIKA"
"1493",1493,"10/04/1997","5","FABIAN"
"1494",1494,"10/14/1997","4","GRACE"
"1495",1495,"07/27/1998","7","ALEX"
"1496",1496,"08/19/1998","13","BONNIE"
"1497",1497,"08/21/1998","4","CHARLEY"
"1498",1498,"08/24/1998","16","DANIELLE"
"1499",1499,"08/31/1998","9","EARL"
"1500",1500,"09/08/1998","6","FRANCES"
"1501",1501,"09/15/1998","17","GEORGES"
"1502",1502,"09/17/1998","4","HERMINE"
"1503",1503,"09/19/1998","9","IVAN"
"1504",1504,"09/21/1998","14","JEANNE"
"1505",1505,"09/23/1998","7","KARL"
"1506",1506,"10/05/1998","6","LISA"
"1507",1507,"10/22/1998","19","MITCH"
"1508",1508,"11/24/1998","9","NICOLE"
"1509",1509,"06/11/1999","8","ARLENE"
"1510",1510,"07/02/1999","2","MISSING"
"1511",1511,"08/19/1999","13","CINDY"
"1512",1512,"08/18/1999","8","BRET"
"1513",1513,"08/24/1999","5","EMILY"
"1514",1514,"08/24/1999","16","DENNIS"
"1515",1515,"09/05/1999","3","MISSING"
"1516",1516,"09/07/1999","13","FLOYD"
"1517",1517,"09/11/1999","13","GERT"
"1518",1518,"09/19/1999","4","HARVEY"
"1519",1519,"10/04/1999","3","MISSING"
"1520",1520,"10/06/1999","3","MISSING"
"1521",1521,"10/12/1999","8","IRENE"
"1522",1522,"10/17/1999","9","JOSE"
"1523",1523,"10/28/1999","5","KATRINA"
"1524",1524,"11/13/1999","11","LENNY"
"1525",1525,"06/07/2000","2","MISSING"
"1526",1526,"06/23/2000","3","MISSING"
"1527",1527,"08/03/2000","23","ALBERTO"
"1528",1528,"08/08/2000","4","MISSING"
"1529",1529,"08/13/2000","3","BERYL"
"1530",1530,"08/17/2000","3","CHRIS"
"1531",1531,"08/19/2000","6","DEBBY"
"1532",1532,"09/01/2000","3","ERNESTO"
"1533",1533,"09/08/2000","2","MISSING"
"1534",1534,"09/10/2000","8","FLORENCE"
"1535",1535,"09/14/2000","8","GORDON"
"1536",1536,"09/15/2000","11","HELENE"
"1537",1537,"09/21/2000","14","ISAAC"
"1538",1538,"09/25/2000","8","JOYCE"
"1539",1539,"09/28/2000","9","KEITH"
"1540",1540,"10/04/2000","7","LESLIE"
"1541",1541,"10/15/2000","6","MICHAEL"
"1542",1542,"10/19/2000","4","NADINE"
"1543",1543,"10/25/2000","5","SUBTROP"
"1544",1544,"06/05/2001","15","ALLISON"
"1545",1545,"07/11/2001","2","MISSING"
"1546",1546,"08/02/2001","7","BARRY"
"1547",1547,"08/14/2001","9","CHANTAL"
"1548",1548,"08/22/2001","8","DEAN"
"1549",1549,"09/01/2001","17","ERIN"
"1550",1550,"09/07/2001","13","FELIX"
"1551",1551,"09/11/2001","11","GABRIELLE"
"1552",1552,"09/19/2001","2","MISSING"
"1553",1553,"09/21/2001","7","HUMBERTO"
"1554",1554,"10/04/2001","6","IRIS"
"1555",1555,"10/06/2001","3","JERRY"
"1556",1556,"10/11/2001","5","KAREN"
"1557",1557,"10/27/2001","5","LORENZO"
"1558",1558,"10/29/2001","9","MICHELLE"
"1559",1559,"11/04/2001","3","NOEL"
"1560",1560,"11/23/2001","12","OLGA"
"1561",1561,"07/14/2002","6","ARTHUR"
"1562",1562,"08/04/2002","6","BERTHA"
"1563",1563,"08/05/2002","4","CRISTOBAL"
"1564",1564,"08/29/2002","7","DOLLY"
"1565",1565,"09/01/2002","6","EDOUARD"
"1566",1566,"09/05/2002","7","FAY"
"1567",1567,"09/07/2002","2","MISSING"
"1568",1568,"09/08/2002","8","GUSTAV"
"1569",1569,"09/12/2002","4","HANNA"
"1570",1570,"09/14/2002","14","ISIDORE"
"1571",1571,"09/17/2002","3","JOSEPHINE"
"1572",1572,"09/20/2002","23","KYLE"
"1573",1573,"09/21/2002","14","LILI"
"1574",1574,"10/14/2002","3","MISSING"
"1575",1575,"04/18/2003","10","ANA"
"1576",1576,"06/11/2003","1","MISSING"
"1577",1577,"06/28/2003","6","BILL"
"1578",1578,"07/07/2003","11","CLAUDETTE"
"1579",1579,"07/16/2003","12","DANNY"
"1580",1580,"07/19/2003","3","MISSING"
"1581",1581,"07/25/2003","3","MISSING"
"1582",1582,"08/14/2003","4","ERIKA"
"1583",1583,"08/21/2003","2","MISSING"
"1584",1584,"08/27/2003","14","FABIAN"
"1585",1585,"08/30/2003","4","GRACE"
"1586",1586,"09/03/2003","6","HENRI"
"1587",1587,"09/06/2003","15","ISABEL"
"1588",1588,"09/08/2003","3","MISSING"
"1589",1589,"09/24/2003","6","JUAN"
"1590",1590,"09/25/2003","16","KATE"
"1591",1591,"09/27/2003","11","LARRY"
"1592",1592,"10/10/2003","5","MINDY"
"1593",1593,"10/13/2003","20","NICHOLAS"
"1594",1594,"12/04/2003","6","ODETTE"
"1595",1595,"12/07/2003","5","PETER"
"1596",1596,"07/31/2004","7","ALEX"
"1597",1597,"08/03/2004","12","BONNIE"
"1598",1598,"08/09/2004","7","CHARLEY"
"1599",1599,"08/13/2004","3","EARL"
"1600",1600,"08/13/2004","12","DANIELLE"
"1601",1601,"08/25/2004","17","FRANCES"
"1602",1602,"08/27/2004","5","HERMINE"
"1603",1603,"08/27/2004","8","GASTON"
"1604",1604,"09/02/2004","23","IVAN"
"1605",1605,"09/07/2004","4","MISSING"
"1606",1606,"09/13/2004","17","JEANNE"
"1607",1607,"09/16/2004","13","KARL"
"1608",1608,"09/19/2004","15","LISA"
"1609",1609,"10/08/2004","4","MATTHEW"
"1610",1610,"10/10/2004","2","NICOLE"
"1611",1611,"11/26/2004","10","OTTO"
"1612",1612,"06/08/2005","7","ARLENE"
"1613",1613,"06/28/2005","3","BRET"
"1614",1614,"07/03/2005","9","CINDY"
"1615",1615,"07/04/2005","15","DENNIS"
"1616",1616,"07/11/2005","11","EMILY"
"1617",1617,"07/21/2005","11","FRANKLIN"
"1618",1618,"07/23/2005","3","GERT"
"1619",1619,"08/02/2005","13","HARVEY"
"1620",1620,"08/04/2005","15","IRENE"
"1621",1621,"08/13/2005","6","TEN"
"1622",1622,"08/22/2005","2","JOSE"
"1623",1623,"08/23/2005","9","KATRINA"
"1624",1624,"08/28/2005","7","LEE"
"1625",1625,"09/01/2005","14","MARIA"
"1626",1626,"09/06/2005","18","OPHELIA"
"1627",1627,"09/05/2005","8","NATE"
"1628",1628,"09/17/2005","8","PHILIPPE"
"1629",1629,"09/18/2005","9","RITA"
"1630",1630,"09/30/2005","3","NINETEEN"
"1631",1631,"10/01/2005","5","STAN"
"1632",1632,"10/04/2005","2","MISSING"
"1633",1633,"10/05/2005","3","TAMMY"
"1634",1634,"10/08/2005","7","TWENTY-TWO"
"1635",1635,"10/08/2005","4","VINCE"
"1636",1636,"10/15/2005","12","WILMA"
"1637",1637,"10/22/2005","3","ALPHA"
"1638",1638,"10/26/2005","6","BETA"
"1639",1639,"11/14/2005","9","GAMMA"
"1640",1640,"11/19/2005","11","DELTA"
"1641",1641,"11/29/2005","11","EPSILON"
"1642",1642,"12/30/2005","9","ZETA"
"1643",1643,"06/10/2006","10","ALBERTO"
"1644",1644,"07/16/2006","4","MISSING"
"1645",1645,"07/18/2006","5","BERYL"
"1646",1646,"08/01/2006","6","CHRIS"
"1647",1647,"08/21/2006","8","DEBBY"
"1648",1648,"08/24/2006","12","ERNESTO"
"1649",1649,"09/03/2006","17","FLORENCE"
"1650",1650,"09/10/2006","15","GORDON"
"1651",1651,"09/12/2006","16","HELENE"
"1652",1652,"09/27/2006","7","ISAAC"
"1653",1653,"05/06/2007","9","ANDREA"
"1654",1654,"05/31/2007","6","BARRY"
"1655",1655,"07/31/2007","6","CHANTAL"
"1656",1656,"08/13/2007","11","DEAN"
"1657",1657,"08/15/2007","5","ERIN"
"1658",1658,"08/31/2007","7","FELIX"
"1659",1659,"09/08/2007","4","GABRIELLE"
"1660",1660,"09/12/2007","7","INGRID"
"1661",1661,"09/12/2007","3","HUMBERTO"
"1662",1662,"09/21/2007","2","TEN"
"1663",1663,"09/23/2007","2","JERRY"
"1664",1664,"09/25/2007","5","KAREN"
"1665",1665,"09/25/2007","4","LORENZO"
"1666",1666,"09/28/2007","8","MELISSA"
"1667",1667,"10/03/2007","6","INVEST"
"1668",1668,"10/11/2007","7","FIFTEEN"
"1669",1669,"10/24/2007","14","NOEL"
"1670",1670,"12/10/2007","7","OLGA"
"1671",1671,"05/31/2008","3","ARTHUR"
"1672",1672,"07/03/2008","19","BERTHA"
"1673",1673,"07/19/2008","5","CRISTOBAL"
"1674",1674,"07/20/2008","8","DOLLY"
"1675",1675,"08/03/2008","4","EDOUARD"
"1676",1676,"08/15/2008","14","FAY"
"1677",1677,"08/25/2008","12","GUSTAV"
"1678",1678,"08/28/2008","12","HANNA"
"1679",1679,"09/01/2008","15","IKE"
"1680",1680,"09/02/2008","9","JOSEPHINE"
"1681",1681,"09/25/2008","6","KYLE"
"1682",1682,"09/26/2008","9","LAURA"
"1683",1683,"10/06/2008","2","MARCO"
"1684",1684,"10/12/2008","4","NANA"
"1685",1685,"10/13/2008","9","OMAR"
"1686",1686,"10/14/2008","3","SIXTEEN"
"1687",1687,"11/05/2008","10","PALOMA"
"1688",1688,"05/26/2009","5","ONE"
"1689",1689,"08/10/2009","7","ANA"
"1690",1690,"08/15/2009","12","BILL"
"1691",1691,"08/16/2009","2","CLAUDETTE"
"1692",1692,"08/26/2009","4","DANNY"
"1693",1693,"09/01/2009","4","ERIKA"
"1694",1694,"09/07/2009","13","FRED"
"1695",1695,"09/25/2009","2","EIGHT"
"1696",1696,"09/27/2009","10","GRACE"
"1697",1697,"10/06/2009","6","HENRI"
"1698",1698,"11/04/2009","8","IDA"
"1699",1699,"06/24/2010","9","ALEX"
"1700",1700,"07/07/2010","4","TWO"
"1701",1701,"07/22/2010","4","BONNIE"
"1702",1702,"08/02/2010","7","COLIN"
"1703",1703,"08/10/2010","9","FIVE"
"1704",1704,"08/21/2010","14","DANIELLE"
"1705",1705,"08/24/2010","14","EARL"
"1706",1706,"08/30/2010","6","FIONA"
"1707",1707,"09/01/2010","8","GASTON"
"1708",1708,"09/03/2010","8","ELEVEN"
"1709",1709,"09/08/2010","16","IGOR"
"1710",1710,"09/10/2010","3","TWELVE"
"1711",1711,"09/12/2010","13","JULIA"
"1712",1712,"09/13/2010","6","KARL"
"1713",1713,"09/20/2010","10","LISA"
"1714",1714,"09/23/2010","4","MATTHEW"
"1715",1715,"09/28/2010","3","NICOLE"
"1716",1716,"10/06/2010","12","OTTO"
"1717",1717,"10/11/2010","5","PAULA"
"1718",1718,"10/19/2010","8","RICHARD"
"1719",1719,"10/26/2010","16","INVEST"
"1720",1720,"10/28/2010","3","SHARY"
"1721",1721,"11/08/2010","3","INVEST"
"1722",1722,"06/28/2011","4","ARLENE"
"1723",1723,"07/16/2011","8","BRET"
"1724",1724,"07/20/2011","4","CINDY"
"1725",1725,"07/27/2011","4","DON"
"1726",1726,"08/02/2011","6","EMILY"
"1727",1727,"08/13/2011","5","GERT"
"1728",1728,"08/12/2011","5","FRANKLIN"
"1729",1729,"08/19/2011","4","HARVEY"
"1730",1730,"08/21/2011","10","IRENE"
"1731",1731,"08/25/2011","3","TEN"
"1732",1732,"08/26/2011","4","JOSE"
"1733",1733,"08/28/2011","16","KATIA"
"1734",1734,"08/31/2011","4","MISSING"
"1735",1735,"09/02/2011","5","LEE"
"1736",1736,"09/06/2011","11","MARIA"
"1737",1737,"09/06/2011","7","NATE"
"1738",1738,"09/20/2011","15","OPHELIA"
"1739",1739,"09/23/2011","17","PHILIPPE"
"1740",1740,"10/08/2011","3","INVEST"
"1741",1741,"10/22/2011","8","RINA"
"1742",1742,"11/06/2011","7","SEAN"
"1743",1743,"05/19/2012","5","ALBERTO"
"1744",1744,"05/25/2012","9","BERYL"
"1745",1745,"06/17/2012","8","CHRIS"
"1746",1746,"06/23/2012","5","DEBBY"
"1747",1747,"08/01/2012","10","ERNESTO"
"1748",1748,"08/03/2012","6","FLORENCE"
"1749",1749,"08/09/2012","11","HELENE"
"1750",1750,"08/15/2012","7","GORDON"
"1751",1751,"08/20/2012","13","ISAAC"
"1752",1752,"08/21/2012","4","JOYCE"
"1753",1753,"08/28/2012","16","LESLIE"
"1754",1754,"08/28/2012","7","KIRK"
"1755",1755,"09/02/2012","11","MICHAEL"
"1756",1756,"09/10/2012","25","NADINE"
"1757",1757,"10/02/2012","4","OSCAR"
"1758",1758,"10/10/2012","4","PATTY"
"1759",1759,"10/12/2012","15","RAFAEL"
"1760",1760,"10/21/2012","11","SANDY"
"1761",1761,"10/21/2012","6","TONY"
"1762",1762,"05/28/2013","3","BARBARA"
"1763",1763,"06/05/2013","4","ANDREA"
"1764",1764,"06/16/2013","6","BARRY"
"1765",1765,"07/07/2013","4","CHANTAL"
"1766",1766,"07/22/2013","14","DORIAN"
"1767",1767,"08/15/2013","5","ERIN"
"1768",1768,"08/25/2013","2","FERNAND"
"1769",1769,"09/04/2013","10","GABRIELLE"
"1770",1770,"09/06/2013","2","EIGHT"
"1771",1771,"09/08/2013","12","HUMBERTO"
"1772",1772,"09/12/2013","6","INGRID"
"1773",1773,"09/28/2013","9","JERRY"
"1774",1774,"10/03/2013","4","KAREN"
"1775",1775,"10/21/2013","6","LORENZO"
"1776",1776,"11/17/2013","7","MELISSA"
"1777",1777,"12/03/2013","5","INVEST"
